{
  "oof_auc": 0.9562197754145966,
  "val_auc": 0.9621767905856814
}