{
  "oof_auc": 0.9398959571391113,
  "val_auc": 0.9999861490252893
}
